{"cameraMode":{"drawMode":0,"name":"Shaded","section":"Shading Mode"},"sceneLighting":true,"audioPlay":false,"sceneViewState":{"showFog":true,"showMaterialUpdate":false,"showSkybox":true,"showFlares":true,"showImageEffects":true,"showParticleSystems":true},"in2DMode":false,"pivot":{"x":-4.128656387329102,"y":0.48906195163726809,"z":-4.0801682472229},"rotation":{"x":-0.04125601798295975,"y":0.8927293419837952,"z":-0.08354253321886063,"w":-0.4408557713031769},"size":3.5284767150878908,"orthographic":false}